ID,NAME,ALTERNATE_NAME,DESCRIPTION,EMAIL,URL,WEBSITE_ADDRESS,TAX_ID,YEAR_INCORPORATED,LEGAL_STATUS,ISACTIVE,OPERATIONAL,DATE_ADDED,DATE_UPDATED,DATE_OFFICIALCHANGE,AIRS_DESIGNATION_ID,PROVIDER_MAINTAINING_ID,PROVIDER_MAINTAINING_NAME,SHOW_ON_PUBLIC_SITE,ADA_ACCESSIBLE,HOURS,PROGRAM_FEES,INTAKE_PROCEDURE,ELIGIBILITY,LANGUAGES,VOLUNTEER_OPS,ACCESSIBILITY,SHELTER_REQUIREMENTS,IS_SHELTER,PROJECT_TYPE,CONTACTS,SERVICES,LOCATIONS
1,211 Brevard,,,,,,,,,TRUE,TRUE,2017-03-27 18:18:45,2024-10-08 11:45:25,2024-08-22 19:25:48,Agency,,,TRUE,,,,,,,,,,FALSE,,,[],"[{'id': 130, 'organization_id': 1, 'name': 'Central Florida Legal Services', 'alternate_name': '', 'description': 'Civil legal assistance to persons without the means to employ council.', 'latitude': 28.364299, 'longitude': -80.74762, 'website_address': 'http://ww.cfls.org/cocoa.html', 'isActive': False, 'operational': True, 'date_added': '1995-04-29T05:00:00', 'date_updated': '2022-09-01T19:21:16', 'airs_designation_id': 'AgencyAndSite', 'provider_maintaining_id': 1, 'provider_maintaining_name': None, 'project_type': None, 'serviceAreas': None}, {'id': 143, 'organization_id': 1, 'name': ""Children's Interagency Program"", 'alternate_name': '', 'description': 'Physical therapy services.', 'latitude': 28.313678, 'longitude': -80.723942, 'website_address': None, 'isActive': False, 'operational': True, 'date_added': '1996-01-24T06:00:00', 'date_updated': '2022-08-15T18:22:51', 'airs_designation_id': 'AgencyAndSite', 'provider_maintaining_id': 1, 'provider_maintaining_name': None, 'project_type': None, 'serviceAreas': None}, {'id': 160, 'organization_id': 1, 'name': 'Community Development Center, City of Palm Bay', 'alternate_name': '', 'description': 'Provides services that address housing needs, business development, public service supplement, capital improvements and community revitalization. Provides economic development activities, public service provision, and capital improvement projects.', 'latitude': 28.028121, 'longitude': -80.601039, 'website_address': 'http://www.palmbayflorida.org', 'isActive': False, 'operational': True, 'date_added': '1995-10-22T05:00:00', 'date_updated': '2023-02-13T18:56:12', 'airs_designation_id': 'AgencyAndSite', 'provider_maintaining_id': 1, 'provider_maintaining_name': None, 'project_type': None, 'serviceAreas': None}, {'id': 171, 'organization_id': 1, 'name': 'Cornerstone Speech, Language & Hearing Services', 'alternate_name': '', 'description': 'Diagnostic assessments. Speech & language pathology services for children.  Occupational Therapy Evaluations and services.  Medicaid-Medipass provider.', 'latitude': 28.313678, 'longitude': -80.723942, 'website_address': None, 'isActive': False, 'operational': True, 'date_added': '1995-11-09T06:00:00', 'date_updated': '2021-08-17T21:46:07', 'airs_designation_id': 'AgencyAndSite', 'provider_maintaining_id': 1, 'provider_maintaining_name': None, 'project_type': None, 'serviceAreas': None}, {'id': 186, 'organization_id': 1, 'name': 'Department of Motor Vehicles and Highway Safety', 'alternate_name': '', 'description': ""Driver's licenses and photo ID's."", 'latitude': None, 'longitude': None, 'website_address': 'http://www.flhsmv.gov/', 'isActive': False, 'operational': True, 'date_added': '1999-07-20T05:00:00', 'date_updated': '2023-07-19T20:38:38', 'airs_designation_id': 'AgencyAndSite', 'provider_maintaining_id': 1, 'provider_maintaining_name': None, 'project_type': None, 'serviceAreas': None}, {'id': 188, 'organization_id': 1, 'name': 'Devereux Youth & Family Counseling Center', 'alternate_name': '', 'description': 'Counseling.', 'latitude': 28.313678, 'longitude': -80.723942, 'website_address': None, 'isActive': False, 'operational': True, 'date_added': '1995-04-06T05:00:00', 'date_updated': '2023-07-26T17:33:49', 'airs_designation_id': 'AgencyAndSite', 'provider_maintaining_id': 1, 'provider_maintaining_name': None, 'project_type': None, 'serviceAreas': None}, {'id': 224, 'organization_id': 1, 'name': 'Florida Agriculture Extension Office', 'alternate_name': '', 'description': 'Low cost car seats. Take 1-2 hour class a receive a car seat for $25', 'latitude': None, 'longitude': None, 'website_address': None, 'isActive': False, 'operational': True, 'date_added': '2006-04-26T05:00:00', 'date_updated': '2022-07-28T17:19:30', 'airs_designation_id': 'AgencyAndSite', 'provider_maintaining_id': 1, 'provider_maintaining_name': None, 'project_type': None, 'serviceAreas': None}, {'id': 392, 'organization_id': 1, 'name': 'Operation Lighthouse', 'alternate_name': '', 'description': 'Gives out clothes and groceries in emergencies.', 'latitude': 28.624475, 'longitude': -80.843301, 'website_address': None, 'isActive': False, 'operational': True, 'date_added': '1995-09-25T05:00:00', 'date_updated': '2022-08-29T21:08:23', 'airs_designation_id': 'AgencyAndSite', 'provider_maintaining_id': 1, 'provider_maintaining_name': None, 'project_type': None, 'serviceAreas': None}, {'id': 434, 'organization_id': 1, 'name': 'Sand Point Senior Living', 'alternate_name': '', 'description': ""Adult Living Facility & Retirement Community, will accept alzheimer's clients. CNA's on duty. Services include arts and crafts and other activities."", 'latitude': 28.572257, 'longitude': -80.821992, 'website_address': None, 'isActive': False, 'operational': True, 'date_added': '1997-05-01T05:00:00', 'date_updated': '2022-01-31T15:10:54', 'airs_designation_id': 'AgencyAndSite', 'provider_maintaining_id': 1, 'provider_maintaining_name': None, 'project_type': None, 'serviceAreas': None}, {'id': 478, 'organization_id': 1, 'name': 'Teen Missions International', 'alternate_name': '', 'description': 'The primary purpose of the ministry is to challenge, train and disciple young people, exposing them to worldwide missions.  Summer boot camp teams operate locally. Definitely, religious oriented activity.', 'latitude': 28.399693, 'longitude': -80.704529, 'website_address': 'http://www.teenmissions.com', 'isActive': False, 'operational': True, 'date_added': '2001-05-29T05:00:00', 'date_updated': '2022-05-25T18:40:17', 'airs_designation_id': 'AgencyAndSite', 'provider_maintaining_id': 1, 'provider_maintaining_name': None, 'project_type': None, 'serviceAreas': None}, {'id': 3861, 'organization_id': 1, 'name': 'Substance Abuse Services, Inc.', 'alternate_name': 'The RASE Project', 'description': 'Program assists all individuals affected by substance use issues, problems and concerns by fostering progress, enriching lives and ultimately enhancing the recovery process.', 'latitude': 28.283189, 'longitude': -80.765212, 'website_address': 'http://www.raseproject.org', 'isActive': True, 'operational': True, 'date_added': '2020-03-13T12:33:54', 'date_updated': '2024-06-17T12:33:10', 'airs_designation_id': 'Site', 'provider_maintaining_id': 1, 'provider_maintaining_name': None, 'project_type': None, 'serviceAreas': []}, {'id': 3962, 'organization_id': 1, 'name': 'Lifepointe Ministries, Inc.', 'alternate_name': '', 'description': 'Cold/Night Shelter.', 'latitude': 28.563772, 'longitude': -80.802402, 'website_address': 'www.facebook.com/LifePointeMinistries/', 'isActive': True, 'operational': True, 'date_added': '2021-03-09T13:22:15', 'date_updated': '2023-09-13T16:13:56', 'airs_designation_id': 'Site', 'provider_maintaining_id': 1, 'provider_maintaining_name': None, 'project_type': None, 'serviceAreas': []}, {'id': 3969, 'organization_id': 1, 'name': 'COVID Vaccine Assistance', 'alternate_name': '', 'description': 'Assists in online registration for vaccine appointments.', 'latitude': None, 'longitude': None, 'website_address': None, 'isActive': False, 'operational': True, 'date_added': '2021-03-17T18:13:28', 'date_updated': '2024-02-12T16:03:49', 'airs_designation_id': 'Site', 'provider_maintaining_id': 1, 'provider_maintaining_name': None, 'project_type': None, 'serviceAreas': []}]"
3,211 Brevard Inc,,"211 Brevard provides assistance and referrals in times of emotional, financial and community crisis. The agency manages the 211 community helpline, is the local 988 Suicide and Crisis Lifeline center and serves as the community disaster hotline for Brevard County Emergency Management as well as being the local lead agency for Help Me Grow and the Florida Veterans Support Line.",contactus@211brevard.org,www.211brevard.org/,www.211brevard.org/,591897447,1963,Nonprofit - Incorporated,TRUE,TRUE,1995-03-03 6:00:00,2024-03-05 13:28:40,2024-01-02 19:30:34,Agency,1,211 Brevard,TRUE,,"Office: Monday - Friday, 8:00 a.m. - 5:00 p.m.; 24-hour helpline",,Dial 211 or 988 or text your zip code to 898211.,,,,,,FALSE,,"[{'id': 2, 'organization_id': 3, 'location_id': 3, 'service_id': None, 'service_at_location_id': 0, 'name': 'Elizabeth B. Donoghue', 'title': 'Executive Director', 'email': 'contactus@211brevard.org', 'phone_number': '', 'description': '', 'website_address': '', 'hide_from_provider_profile': True, 'receives_email': True, 'isActive': False, 'date_added': '2017-04-06T19:28:09', 'date_updated': '2019-10-15T12:58:35', 'isPrimary': False}, {'id': 3, 'organization_id': 3, 'location_id': 3, 'service_id': None, 'service_at_location_id': 0, 'name': 'Business Office', 'title': None, 'email': None, 'phone_number': '321-631-9290', 'description': 'Main Phone', 'website_address': None, 'hide_from_provider_profile': False, 'receives_email': False, 'isActive': False, 'date_added': '2017-04-06T19:28:09', 'date_updated': '2017-04-24T14:28:04', 'isPrimary': False}, {'id': 4, 'organization_id': 3, 'location_id': 3, 'service_id': None, 'service_at_location_id': 0, 'name': '24 Hour Helpline; local', 'title': None, 'email': None, 'phone_number': '211', 'description': 'Program', 'website_address': None, 'hide_from_provider_profile': False, 'receives_email': False, 'isActive': False, 'date_added': '2017-04-06T19:28:09', 'date_updated': '2017-04-24T14:27:56', 'isPrimary': False}, {'id': 5, 'organization_id': 3, 'location_id': 3, 'service_id': None, 'service_at_location_id': 0, 'name': '24 Hour Helpline; outside of county', 'title': None, 'email': None, 'phone_number': '321-632-6688', 'description': 'Program', 'website_address': None, 'hide_from_provider_profile': False, 'receives_email': False, 'isActive': False, 'date_added': '2017-04-06T19:28:09', 'date_updated': '2017-04-24T14:28:00', 'isPrimary': False}, {'id': 6273, 'organization_id': 3, 'location_id': 3, 'service_id': None, 'service_at_location_id': 0, 'name': 'Lekesha', 'title': '', 'email': 'lmclaughlin@211brevard.org', 'phone_number': '', 'description': '', 'website_address': '', 'hide_from_provider_profile': False, 'receives_email': True, 'isActive': False, 'date_added': '2019-10-15T12:58:02', 'date_updated': '2019-10-15T12:59:36', 'isPrimary': False}, {'id': 6274, 'organization_id': 3, 'location_id': 3, 'service_id': None, 'service_at_location_id': 0, 'name': 'Elizabeth Donoghue', 'title': 'Executive Director', 'email': 'contactus@211brevard.org', 'phone_number': '', 'description': '', 'website_address': '', 'hide_from_provider_profile': False, 'receives_email': True, 'isActive': False, 'date_added': '2019-10-15T13:00:50', 'date_updated': '2019-10-29T13:30:13', 'isPrimary': False}, {'id': 6275, 'organization_id': 3, 'location_id': 3, 'service_id': None, 'service_at_location_id': 0, 'name': 'Lekesha', 'title': '', 'email': 'lmclaughlin@211brevard.org', 'phone_number': '', 'description': '', 'website_address': '', 'hide_from_provider_profile': False, 'receives_email': True, 'isActive': False, 'date_added': '2019-10-15T16:13:24', 'date_updated': '2019-10-15T16:17:11', 'isPrimary': False}, {'id': 6276, 'organization_id': 3, 'location_id': 3, 'service_id': None, 'service_at_location_id': 0, 'name': 'Lekesha McLaughlin', 'title': '', 'email': 'lmclaughlin@211brevard.org', 'phone_number': '', 'description': '', 'website_address': '', 'hide_from_provider_profile': False, 'receives_email': True, 'isActive': False, 'date_added': '2019-10-15T18:40:18', 'date_updated': '2019-10-29T13:30:17', 'isPrimary': False}, {'id': 6296, 'organization_id': 3, 'location_id': 3, 'service_id': None, 'service_at_location_id': 0, 'name': 'Chris', 'title': '', 'email': 'chris.brotemarkle@myfloridahistory.org', 'phone_number': '', 'description': '', 'website_address': '', 'hide_from_provider_profile': False, 'receives_email': True, 'isActive': False, 'date_added': '2019-10-29T13:30:07', 'date_updated': '2019-10-29T13:36:58', 'isPrimary': False}, {'id': 6297, 'organization_id': 3, 'location_id': 3, 'service_id': None, 'service_at_location_id': 0, 'name': 'Delores', 'title': '', 'email': 'cocoapal@live.com', 'phone_number': '', 'description': '', 'website_address': '', 'hide_from_provider_profile': False, 'receives_email': True, 'isActive': False, 'date_added': '2019-10-29T13:36:54', 'date_updated': '2019-10-29T13:42:12', 'isPrimary': False}, {'id': 6298, 'organization_id': 3, 'location_id': 3, 'service_id': None, 'service_at_location_id': 0, 'name': 'Libby Donoghue', 'title': '', 'email': 'contactus@211brevard.org', 'phone_number': '', 'description': '', 'website_address': '', 'hide_from_provider_profile': False, 'receives_email': True, 'isActive': False, 'date_added': '2019-10-29T13:43:30', 'date_updated': '2019-10-29T16:50:48', 'isPrimary': False}, {'id': 6302, 'organization_id': 3, 'location_id': 3, 'service_id': None, 'service_at_location_id': 0, 'name': 'Libby Donoghue', 'title': 'Executive Director', 'email': 'contactus@211brevard.org', 'phone_number': '', 'description': '', 'website_address': '', 'hide_from_provider_profile': False, 'receives_email': True, 'isActive': True, 'date_added': '2019-10-29T16:50:44', 'date_updated': '2020-08-14T12:13:57', 'isPrimary': True}]",[],"[{'id': 2046, 'organization_id': 3, 'name': '211 Brevard Contact Center', 'alternate_name': '', 'description': 'Provides immediate crisis and suicide intervention as well as information about and referral to health and human services, governmental services and hurricane preparation and recovery services. Also provides referrals to internal programs for care coordination for special populations such as young families, veterans and people with addictions. Call 211 24/7 or text ZIP code to 898211 9am-midnight.', 'latitude': 28.313678, 'longitude': -80.723942, 'website_address': 'www.211brevard.org', 'isActive': True, 'operational': True, 'date_added': '2000-06-16T05:00:00', 'date_updated': '2024-09-17T13:07:44', 'airs_designation_id': 'Site', 'provider_maintaining_id': 1, 'provider_maintaining_name': None, 'project_type': None, 'serviceAreas': []}, {'id': 2047, 'organization_id': 3, 'name': '211 Brevard - Help Me Grow Brevard', 'alternate_name': '', 'description': 'Assist callers with questions regarding the behavioral and developmental concerns about a child, facilitate developmental screenings and provide ongoing support through care coordination. Help Me Grow is a national initiative for which 211 Brevard is the local affiliate.', 'latitude': 28.283189, 'longitude': -80.765212, 'website_address': 'www.211brevard.org/help-me-grow', 'isActive': True, 'operational': True, 'date_added': '2015-12-21T06:00:00', 'date_updated': '2024-08-21T15:12:43', 'airs_designation_id': 'Site', 'provider_maintaining_id': 1, 'provider_maintaining_name': None, 'project_type': None, 'serviceAreas': []}, {'id': 2048, 'organization_id': 3, 'name': 'Homeless Diversion', 'alternate_name': '', 'description': 'Homeless Diversion is designed to increase the services for individuals and families that are either homeless or in a situation that could lend them to becoming homeless.', 'latitude': None, 'longitude': None, 'website_address': None, 'isActive': False, 'operational': True, 'date_added': '2016-01-22T06:00:00', 'date_updated': '2018-10-23T14:02:26', 'airs_designation_id': 'Site', 'provider_maintaining_id': 1, 'provider_maintaining_name': None, 'project_type': None, 'serviceAreas': []}, {'id': 2049, 'organization_id': 3, 'name': 'Veterans Response Team Specialist', 'alternate_name': '', 'description': 'Assists with information and referral related for veterans, military members and/or immediate family members. Offers personal assistance with problem-solving and resource identification. A pilot program of the Community Blueprint Brevard Coalition of organizations supporting veterans and military, operated by 2-1-1 Brevard. \n\n##Vet##', 'latitude': 28.313678, 'longitude': -80.723942, 'website_address': None, 'isActive': False, 'operational': True, 'date_added': '2015-07-21T05:00:00', 'date_updated': '2020-06-30T14:36:09', 'airs_designation_id': 'Site', 'provider_maintaining_id': 1, 'provider_maintaining_name': None, 'project_type': None, 'serviceAreas': []}, {'id': 3472, 'organization_id': 3, 'name': 'New Brevard Provider', 'alternate_name': '', 'description': 'Provides assistance & referrals in times of emotional, financial & community crisis through telephone helplines including 2-1-1 & National Suicide Prevention Lifeline in Brevard County.  Serves as lead agency for Community/Homeless Management Information System.', 'latitude': 28.313678, 'longitude': -80.723942, 'website_address': 'http://www.211brevard.org', 'isActive': False, 'operational': True, 'date_added': '2017-04-24T15:16:54', 'date_updated': '2017-04-24T15:22:00', 'airs_designation_id': 'Site', 'provider_maintaining_id': 1, 'provider_maintaining_name': None, 'project_type': None, 'serviceAreas': None}, {'id': 3937, 'organization_id': 3, 'name': 'Parrish Community Health Navigator', 'alternate_name': '', 'description': 'Assists with location transportation, prescription and social service programs. Offers in-depth information on service providers in North Brevard County. Can help with transitioning individuals from the hospital to the community in the following zip codes. 32796, 32780, 32754, 32927.', 'latitude': 28.283189, 'longitude': -80.765212, 'website_address': None, 'isActive': False, 'operational': True, 'date_added': '2020-08-12T16:45:11', 'date_updated': '2024-07-09T16:23:29', 'airs_designation_id': 'Site', 'provider_maintaining_id': 1, 'provider_maintaining_name': None, 'project_type': None, 'serviceAreas': []}, {'id': 3996, 'organization_id': 3, 'name': '211 Housing', 'alternate_name': '', 'description': '', 'latitude': 28.283189, 'longitude': -80.765212, 'website_address': 'www.211brevard.org', 'isActive': True, 'operational': True, 'date_added': '2021-07-21T17:24:21', 'date_updated': '2024-08-19T15:43:11', 'airs_designation_id': 'Site', 'provider_maintaining_id': 1, 'provider_maintaining_name': None, 'project_type': None, 'serviceAreas': []}]"
3703,211 Nation Wide,,"2-1-1 is a nation-wide service connecting over 14 million people to services every year. to get help, you can search for local resources through your local 2-1-1 provider, or simply call 2-1-1.",,www.211.org,www.211.org,,,Nonprofit - Incorporated,TRUE,TRUE,2018-10-19 14:12:25,2024-08-19 15:43:45,2024-08-16 15:43:40,Agency,1,211 Brevard,TRUE,,"24 hours a day, seven days a week",,,,,,,,FALSE,,,[],"[{'id': 3704, 'organization_id': 3703, 'name': '211.org', 'alternate_name': '', 'description': '2-1-1 is a free confidential service that helps people across the U.S. and in many parts of Canada find the local resources they need.', 'latitude': None, 'longitude': None, 'website_address': 'www.211.org', 'isActive': True, 'operational': True, 'date_added': '2018-10-19T14:15:57', 'date_updated': '2024-08-19T15:44:10', 'airs_designation_id': 'Site', 'provider_maintaining_id': 1, 'provider_maintaining_name': None, 'project_type': None, 'serviceAreas': []}]"
453,321Transit,SCAT,Bus transportation throughout county. Can make reservations for transportation to doctor and other needs.,Info@321Transit.com,www.321transit.com,www.321transit.com,,,Nonprofit - Incorporated,TRUE,TRUE,1995-05-11 5:00:00,2024-10-18 16:51:28,2024-10-18 16:51:24,Agency,1,211 Brevard,TRUE,,"Monday - Friday, 8:00 a.m. - 5:00 p.m.",,,,,,,,FALSE,,"[{'id': 711, 'organization_id': 453, 'location_id': 453, 'service_id': None, 'service_at_location_id': 0, 'name': 'Terry Jordan', 'title': 'Transit Director', 'email': 'Info@321Transit.com', 'phone_number': '', 'description': '', 'website_address': '', 'hide_from_provider_profile': False, 'receives_email': True, 'isActive': True, 'date_added': '2017-04-06T19:28:09', 'date_updated': '2024-05-28T12:51:05', 'isPrimary': True}, {'id': 712, 'organization_id': 453, 'location_id': 453, 'service_id': None, 'service_at_location_id': 0, 'name': 'Services', 'title': None, 'email': None, 'phone_number': '321-633-1878', 'description': None, 'website_address': None, 'hide_from_provider_profile': False, 'receives_email': False, 'isActive': False, 'date_added': '2017-04-06T19:28:09', 'date_updated': '2022-08-29T21:36:14', 'isPrimary': False}, {'id': 713, 'organization_id': 453, 'location_id': 453, 'service_id': None, 'service_at_location_id': 0, 'name': 'Administration', 'title': None, 'email': None, 'phone_number': '321-635-7815', 'description': None, 'website_address': None, 'hide_from_provider_profile': False, 'receives_email': False, 'isActive': False, 'date_added': '2017-04-06T19:28:09', 'date_updated': '2022-08-29T21:36:11', 'isPrimary': False}, {'id': 714, 'organization_id': 453, 'location_id': 453, 'service_id': None, 'service_at_location_id': 0, 'name': 'volunteer line', 'title': None, 'email': None, 'phone_number': '321-635-7999', 'description': None, 'website_address': None, 'hide_from_provider_profile': False, 'receives_email': False, 'isActive': False, 'date_added': '2017-04-06T19:28:09', 'date_updated': '2022-08-29T21:36:21', 'isPrimary': False}, {'id': 715, 'organization_id': 453, 'location_id': 453, 'service_id': None, 'service_at_location_id': 0, 'name': 'TDD', 'title': None, 'email': None, 'phone_number': '321-633-1886', 'description': None, 'website_address': None, 'hide_from_provider_profile': False, 'receives_email': False, 'isActive': False, 'date_added': '2017-04-06T19:28:09', 'date_updated': '2022-08-29T21:36:17', 'isPrimary': False}]",[],"[{'id': 833, 'organization_id': 453, 'name': '321Transit - Paratransit Services', 'alternate_name': 'SCAT', 'description': 'Paratransit services, serves the mobility needs of those who are unable to utilize fixed routes by providing wheelchair accessible Paratransit vehicles, which carry passengers throughout Brevard County on a daily basis.', 'latitude': None, 'longitude': None, 'website_address': 'www.321transit.com', 'isActive': True, 'operational': True, 'date_added': '2016-04-06T05:00:00', 'date_updated': '2024-10-18T16:52:16', 'airs_designation_id': 'Site', 'provider_maintaining_id': 1, 'provider_maintaining_name': None, 'project_type': None, 'serviceAreas': []}, {'id': 834, 'organization_id': 453, 'name': '321Transit - Fixed Route', 'alternate_name': 'SCAT', 'description': 'Fixed Route public bus services.', 'latitude': 28.35462, 'longitude': -80.745645, 'website_address': 'www.321transit.com', 'isActive': True, 'operational': True, 'date_added': '1995-07-09T05:00:00', 'date_updated': '2024-10-18T16:51:49', 'airs_designation_id': 'Site', 'provider_maintaining_id': 1, 'provider_maintaining_name': None, 'project_type': None, 'serviceAreas': []}, {'id': 835, 'organization_id': 453, 'name': '321Transit - Volunteers in Motion', 'alternate_name': 'SCAT', 'description': 'A joint program between 321Transit and Community Services for the Elderly. Program provides transportation to medical appointments and grocery shopping for elderly clients who qualify for services. Volunteers are needed for the positions of: drivers, attendant/escorts; dispatch/reservationist and clerks.', 'latitude': 28.353941, 'longitude': -80.744594, 'website_address': 'www.321transit.com/special-services/client-information/', 'isActive': True, 'operational': True, 'date_added': '1996-04-20T05:00:00', 'date_updated': '2024-10-18T16:52:45', 'airs_designation_id': 'Site', 'provider_maintaining_id': 1, 'provider_maintaining_name': None, 'project_type': None, 'serviceAreas': []}]"
3721,A Better Therapy Inc,,Mental program for children and their families.,shelly@abettertherapyinc.com,http://www.abettertherapyinc.com,http://www.abettertherapyinc.com,364559112,2004,Commercial (for-profit),TRUE,TRUE,2018-12-27 14:39:32,2024-01-02 20:42:21,2024-01-02 20:39:42,Agency,1,211 Brevard,TRUE,,Office and Home: By Appointment,,,,,,,,FALSE,,"[{'id': 6141, 'organization_id': 3721, 'location_id': 3721, 'service_id': None, 'service_at_location_id': 0, 'name': 'Shelly Babington', 'title': 'Executive Director', 'email': 'shelly@abettertherapyinc.com', 'phone_number': '', 'description': '', 'website_address': '', 'hide_from_provider_profile': False, 'receives_email': True, 'isActive': True, 'date_added': '2018-12-27T14:42:34', 'date_updated': '2018-12-27T14:42:34', 'isPrimary': True}, {'id': 6142, 'organization_id': 3721, 'location_id': 3721, 'service_id': None, 'service_at_location_id': 0, 'name': 'Saadia Bendagha', 'title': 'Chief Strategic Officer', 'email': 'saadia@abettertherapyinc.com', 'phone_number': '', 'description': '', 'website_address': '', 'hide_from_provider_profile': False, 'receives_email': True, 'isActive': True, 'date_added': '2018-12-27T14:43:33', 'date_updated': '2018-12-27T14:43:33', 'isPrimary': False}]",[],"[{'id': 3722, 'organization_id': 3721, 'name': 'A Better Therapy - Wickham Office', 'alternate_name': '', 'description': 'Mental Health program for children and their families.', 'latitude': 28.081374, 'longitude': -80.672155, 'website_address': 'http://www.abettertherapyinc.com', 'isActive': True, 'operational': True, 'date_added': '2018-12-27T14:45:48', 'date_updated': '2024-01-02T20:43:31', 'airs_designation_id': 'Site', 'provider_maintaining_id': 1, 'provider_maintaining_name': None, 'project_type': None, 'serviceAreas': []}]"
4137,AARP Inc,,AARP is an interest group in the United States focusing on issues affecting those over the age of fifty.,,www.aarp.org,www.aarp.org,942312368,1958,Nonprofit - Incorporated,TRUE,TRUE,2023-02-01 16:29:49,2024-01-22 22:59:35,2024-01-22 22:59:23,Agency,1,211 Brevard,TRUE,,,,,,,,,,FALSE,,,[],"[{'id': 4138, 'organization_id': 4137, 'name': 'AARP - Family Caregiver Resource Guide', 'alternate_name': '', 'description': 'Provides a family caregiver resource guide to use as a starting point to help caregivers find the services and support they might need.', 'latitude': 38.895, 'longitude': -77.0367, 'website_address': 'http://states.aarp.org/florida/caregiver-resources', 'isActive': True, 'operational': True, 'date_added': '2023-02-01T17:40:57', 'date_updated': '2024-01-22T23:01:07', 'airs_designation_id': 'Site', 'provider_maintaining_id': 1, 'provider_maintaining_name': None, 'project_type': None, 'serviceAreas': []}]"
35,AMVETS,,"Rockledge AMVETS has donation building onsite. Open to public to donate unwanted household items, medical equipment and clothing. Donation pickup service also available. Trained national service officers (NCOs) accredited by the Department of Veterans Affairs to help establish VA benefits.",mpbgunner@gmail.com,http://amvetspost893.com/,http://amvetspost893.com/,,,Nonprofit - Incorporated,TRUE,TRUE,2015-09-24 5:00:00,2024-03-06 20:50:45,2024-03-06 20:50:41,Agency,1,211 Brevard,TRUE,,Call,,,,,,,,FALSE,,"[{'id': 6806, 'organization_id': 35, 'location_id': 35, 'service_id': None, 'service_at_location_id': 0, 'name': 'Mark Berman', 'title': 'Commander', 'email': 'mpbgunner@gmail.com', 'phone_number': '', 'description': '', 'website_address': '', 'hide_from_provider_profile': False, 'receives_email': True, 'isActive': True, 'date_added': '2024-03-06T20:48:39', 'date_updated': '2024-03-06T20:49:02', 'isPrimary': True}]",[],"[{'id': 1992, 'organization_id': 35, 'name': 'AMVETS', 'alternate_name': '', 'description': 'Rockledge AMVETS has Trained national service officers (VSOs) accredited by the Department of Veterans Affairs to help submit VA benefits claims.', 'latitude': 28.345556, 'longitude': -80.727737, 'website_address': 'http://amvetspost893.com/', 'isActive': True, 'operational': True, 'date_added': '2015-09-29T05:00:00', 'date_updated': '2024-03-06T20:51:41', 'airs_designation_id': 'Site', 'provider_maintaining_id': 1, 'provider_maintaining_name': None, 'project_type': None, 'serviceAreas': []}]"
4063,Advent Lutheran Church Food Pantry,,Food Pantry.,cpowilson@gmail.com,www.adventbrevard.org,www.adventbrevard.org,,,Faith-based,TRUE,TRUE,2022-03-03 14:45:50,2024-11-12 21:40:29,2024-11-07 21:40:15,AgencyAndSite,1,211 Brevard,TRUE,TRUE,"Thursdays, 5:30 p.m. - 6:30 p.m.",,,,,,,,FALSE,,"[{'id': 6608, 'organization_id': 4063, 'location_id': 4063, 'service_id': None, 'service_at_location_id': 0, 'name': 'Carol Wilson', 'title': 'Food Pantry Contact', 'email': 'cpowilson@gmail.com', 'phone_number': '', 'description': '', 'website_address': '', 'hide_from_provider_profile': True, 'receives_email': True, 'isActive': True, 'date_added': '2022-03-03T14:48:20', 'date_updated': '2022-03-03T14:48:20', 'isPrimary': True}, {'id': 6609, 'organization_id': 4063, 'location_id': 4063, 'service_id': None, 'service_at_location_id': 0, 'name': 'Ashely Drake-Poe', 'title': 'Director of Operations', 'email': 'dirop@adventlutheranbrevard.org', 'phone_number': '', 'description': '', 'website_address': '', 'hide_from_provider_profile': True, 'receives_email': True, 'isActive': True, 'date_added': '2022-03-03T14:48:20', 'date_updated': '2022-03-03T14:48:20', 'isPrimary': False}]","[{'provider_service_code_id': 4971, 'service_code_id': 19, 'organization_id': 4063, 'location_id': 4063, 'name': 'BD-1800.2000', 'alternate_name': 'Food Pantries', 'description': 'Food pantry.', 'taxonomy_definition': 'Programs that acquire food products through donations, canned food drives, food bank programs or direct purchase and distribute the food to people who are in emergency situations. Some pantries deliver food to people whose disabilities or illnesses make it difficult for them to leave home.', 'date_added': '2022-03-03T14:48:20', 'date_updated': '2024-11-12T21:40:29', 'email': None, 'status': 'Available', 'application_process': 'Walk-in', 'service_area': 'Brevard County', 'required_documents': 'None', 'fees': 'None', 'languages': 'English', 'schedule': 'Thursdays, 5:30 p.m. - 6:30 p.m.', 'funding': None, 'eligibility': 'Anyone', 'isActive': True, 'serviceAreas': None}]","[{'id': 4063, 'organization_id': 3994, 'name': 'Advent Lutheran Church - Food Pantry', 'alternate_name': '', 'description': 'Food Pantry.', 'latitude': 28.230817, 'longitude': -80.69278, 'website_address': 'www.adventbrevard.org', 'isActive': True, 'operational': True, 'date_added': '2022-03-03T14:45:50', 'date_updated': '2024-11-12T21:40:29', 'airs_designation_id': 'AgencyAndSite', 'provider_maintaining_id': 1, 'provider_maintaining_name': '211 Brevard', 'project_type': None, 'serviceAreas': []}]"
240,AdventHealth Orlando,,"Skilled master's level clinicians who are specially training and experienced conduct all mental health assessments. They carefully assess your needs, verify any mental health benefits you may have and provide a referral to a program that most closely meets your needs.  The Assessment Center also treats patients on an inpatient and outpatient basis.",,http://www.adventhealth.com/,http://www.adventhealth.com/,,,Commercial (for-profit),TRUE,TRUE,1997-03-14 6:00:00,2023-10-18 18:07:39,2023-10-13 18:03:13,Agency,1,211 Brevard,TRUE,,Seven days a week 24 hour hotline,,,,,,,,FALSE,,"[{'id': 410, 'organization_id': 240, 'location_id': 240, 'service_id': None, 'service_at_location_id': 0, 'name': 'main hospital', 'title': None, 'email': None, 'phone_number': '407-303-8533', 'description': 'Business', 'website_address': None, 'hide_from_provider_profile': False, 'receives_email': False, 'isActive': False, 'date_added': '2017-04-06T19:28:09', 'date_updated': '2023-10-18T18:01:37', 'isPrimary': True}, {'id': 411, 'organization_id': 240, 'location_id': 240, 'service_id': None, 'service_at_location_id': 0, 'name': 'Center for Behavioral Health', 'title': None, 'email': None, 'phone_number': '800-869-1616', 'description': None, 'website_address': None, 'hide_from_provider_profile': False, 'receives_email': False, 'isActive': True, 'date_added': '2017-04-06T19:28:09', 'date_updated': '2017-04-06T19:28:09', 'isPrimary': False}]",[],"[{'id': 1343, 'organization_id': 240, 'name': 'AdventHealth Orlando', 'alternate_name': '', 'description': ""Skilled master's level clinicians who are specially training and experienced conduct all mental health assessments. They carefully assess your needs, verify any mental health benefits you may have and provide a referral to a program that most closely meets your needs.  The Assessment Center also treats patients on an inpatient and outpatient basis."", 'latitude': 28.573257, 'longitude': -81.369745, 'website_address': 'http://www.adventhealth.com/', 'isActive': True, 'operational': True, 'date_added': '1997-03-14T06:00:00', 'date_updated': '2023-10-18T18:13:35', 'airs_designation_id': 'Site', 'provider_maintaining_id': 1, 'provider_maintaining_name': None, 'project_type': None, 'serviceAreas': []}]"
3787,Advocates for the Aging Inc,,"Advocates for the Aging offers full range of personal and elderly assessment services which include; Guardianship, Family Guardianship Coaching, Crisis Intervention and much more.",afta101@advocatesfortheaging.com,www.advocatesfortheaging.com,www.advocatesfortheaging.com,223974930,2008,Commercial (for-profit),TRUE,TRUE,2019-09-17 19:43:30,2024-06-28 15:11:09,2024-06-28 15:11:06,Agency,1,211 Brevard,TRUE,,"Monday - Friday, 8:00 a.m. - 5:00 p.m.",,,,,,,,FALSE,,"[{'id': 6255, 'organization_id': 3787, 'location_id': 3787, 'service_id': None, 'service_at_location_id': 0, 'name': 'Danica Scuderi-Carluccio', 'title': 'Professional Guardian, Founder', 'email': 'afta101@advocatesfortheaging.com', 'phone_number': '', 'description': '', 'website_address': '', 'hide_from_provider_profile': False, 'receives_email': True, 'isActive': True, 'date_added': '2019-09-18T20:23:00', 'date_updated': '2019-09-19T12:34:42', 'isPrimary': True}, {'id': 6256, 'organization_id': 3787, 'location_id': 3787, 'service_id': None, 'service_at_location_id': 0, 'name': 'Christine Holt', 'title': 'Business Office Manager', 'email': '', 'phone_number': '', 'description': '', 'website_address': '', 'hide_from_provider_profile': False, 'receives_email': True, 'isActive': True, 'date_added': '2019-09-18T20:24:16', 'date_updated': '2019-09-18T20:24:16', 'isPrimary': False}]",[],"[{'id': 3788, 'organization_id': 3787, 'name': 'Advocates for the Aging', 'alternate_name': '', 'description': 'Advocates for the Aging offers full range of personal and elderly assessment services which include; Guardianship, Family Guardianship Coaching, Crisis Intervention and much more.', 'latitude': 28.110977, 'longitude': -80.622166, 'website_address': 'www.advocatesfortheaging.com', 'isActive': True, 'operational': True, 'date_added': '2019-09-18T20:24:54', 'date_updated': '2024-06-28T15:11:25', 'airs_designation_id': 'Site', 'provider_maintaining_id': 1, 'provider_maintaining_name': None, 'project_type': None, 'serviceAreas': []}]"